HostName,IPAddress,Location
,192.168.4.1,
,192.168.4.2,
,192.168.4.3,
,192.168.4.4,
,192.168.4.5,
,192.168.4.6,
,192.168.4.7,
,192.168.4.8,
,192.168.4.9,
,192.168.4.10,
,192.168.4.11,
,192.168.4.12,
,192.168.4.13,
,192.168.4.14,
,192.168.4.15,
,192.168.4.16,
,192.168.4.17,
,192.168.4.18,
,192.168.4.19,
,192.168.4.20,
,192.168.4.21,
,192.168.4.22,
,192.168.4.23,
,192.168.4.24
,192.168.4.25,
,192.168.4.26,
,192.168.4.27,
,192.168.4.28,
,192.168.4.29,
,192.168.4.30,
,192.168.4.31,
,192.168.4.32,
,192.168.4.33,
,192.168.4.34,
,192.168.4.35,
,192.168.4.36,
,192.168.4.37,
,192.168.4.38,
,192.168.4.39,
,192.168.4.40,
,192.168.4.41,
,192.168.4.42,
,192.168.4.43,
,192.168.4.44,
,192.168.4.45,
,192.168.4.46,
,192.168.4.47,
,192.168.4.48,
,192.168.4.49,
,192.168.4.50,
,192.168.4.51,
,192.168.4.52,
,192.168.4.53,
,192.168.4.54,
,192.168.4.55,
,192.168.4.56,
,192.168.4.57,
,192.168.4.58,
,192.168.4.59,
,192.168.4.60,
,192.168.4.61,
,192.168.4.62",
,192.168.4.63,
,192.168.4.64,
,192.168.4.65,
,192.168.4.66,
,192.168.4.67,
,192.168.4.68,
,192.168.4.69,
,192.168.4.70,
,192.168.4.71,
,192.168.4.72,
,192.168.4.73,
,192.168.4.74,
,192.168.4.75,
,192.168.4.76,
,192.168.4.77,
,192.168.4.78,
,192.168.4.79,
,192.168.4.80,
,192.168.4.81,
,192.168.4.82,
,192.168.4.83,
,192.168.4.84,
,192.168.4.85,
,192.168.4.86,
,192.168.4.87,
,192.168.4.88,
,192.168.4.89,
,192.168.4.90,
,192.168.4.91,
,192.168.4.92,
,192.168.4.93,
,192.168.4.94,
,192.168.4.95,
,192.168.4.96,
,192.168.4.97,
,192.168.4.98,
,192.168.4.99,
,192.168.4.100,
,192.168.4.101,
,192.168.4.102,
,192.168.4.103,
,192.168.4.104,
,192.168.4.105,
,192.168.4.106,
,192.168.4.107,
,192.168.4.108,
,192.168.4.109,
,192.168.4.110,
,192.168.4.111,
,192.168.4.112,
,192.168.4.113,
,192.168.4.114,
,192.168.4.115,
,192.168.4.116,
,192.168.4.117,
,192.168.4.118,
,192.168.4.119,
,192.168.4.120,
,192.168.4.121,
,192.168.4.122,
,192.168.4.123,
,192.168.4.124,
,192.168.4.125,
,192.168.4.126,
,192.168.4.127,
,192.168.4.128,
,192.168.4.129,
,192.168.4.130,
,192.168.4.131,
,192.168.4.132,
,192.168.4.133,
,192.168.4.134,
,192.168.4.135,
,192.168.4.136,
,192.168.4.137,
,192.168.4.138,
,192.168.4.139,
,192.168.4.140,
,192.168.4.141,
,192.168.4.142,
,192.168.4.143,
,192.168.4.144,
,192.168.4.145,
,192.168.4.146,
,192.168.4.147,
,192.168.4.148,
,192.168.4.149,
,192.168.4.150,
,192.168.4.151,
,192.168.4.152,
,192.168.4.153,
,192.168.4.154,
,192.168.4.155,
,192.168.4.156,
,192.168.4.157,
,192.168.4.158,
,192.168.4.159,
,192.168.4.160,
,192.168.4.161,
,192.168.4.162,
,192.168.4.163,
,192.168.4.164,
,192.168.4.165,
,192.168.4.166,
,192.168.4.167,
,192.168.4.168,
,192.168.4.169,
,192.168.4.170,
,192.168.4.171,
,192.168.4.172,
,192.168.4.173,
,192.168.4.174,
,192.168.4.175,
,192.168.4.176,
,192.168.4.177,
,192.168.4.178,
,192.168.4.179,
,192.168.4.180,
,192.168.4.181,
,192.168.4.182,
,192.168.4.183,
,192.168.4.184,
,192.168.4.185,
,192.168.4.186,
,192.168.4.187,
,192.168.4.188,
,192.168.4.189,
,192.168.4.190,
,192.168.4.191,
,192.168.4.192,
,192.168.4.193,
,192.168.4.194,
,192.168.4.195,
,192.168.4.196,
,192.168.4.197,
,192.168.4.198,
,192.168.4.199,
,192.168.4.200,
,192.168.4.201,
,192.168.4.202,
,192.168.4.203,
,192.168.4.204,
,192.168.4.205,
,192.168.4.206,
,192.168.4.207,
,192.168.4.208,
,192.168.4.209,
,192.168.4.210,
,192.168.4.211,
,192.168.4.212,
,192.168.4.213,
,192.168.4.214,
,192.168.4.215,
,192.168.4.216,
,192.168.4.217,
,192.168.4.218,
,192.168.4.219,
,192.168.4.220,
,192.168.4.221,
,192.168.4.222,
,192.168.4.223,
,192.168.4.224,
,192.168.4.225,
,192.168.4.226,
,192.168.4.227,
,192.168.4.228,
,192.168.4.229,
,192.168.4.230,
,192.168.4.231,
,192.168.4.232,
,192.168.4.233,
,192.168.4.234,
,192.168.4.235,
,192.168.4.236,
,192.168.4.237,
,192.168.4.238,
,192.168.4.239,
,192.168.4.240,
,192.168.4.241,
,192.168.4.242,
,192.168.4.243,
,192.168.4.244,
,192.168.4.245,
,192.168.4.246,
,192.168.4.247,
,192.168.4.248,
,192.168.4.249,
,192.168.4.250,
,192.168.4.251,
,192.168.4.252,
,192.168.4.253,
,192.168.4.254,
,192.168.4.255,
